system_rank,system_name,distance_from_earth_ly,number_of_stars,number_of_known_exoplanets,constellation,object_name,object_type,host_object,status,spectral_classification,diameter_km,diameter_basis,surface_temperature_K,surface_temperature_C,surface_temperature_basis,orbital_period_days,orbital_period_basis,composition,distance_from_system_center_AU,distance_basis,planet_mass_earth_masses,planet_radius_earth_radii,coordinate_frame,notes,source_url
1,Alpha Centauri / Proxima Centauri,4.2465,3,2,Centaurus,Alpha Centauri A,star,,stellar component,G2V,1703829.0,stellar radius × solar diameter,5790,5517.0,stellar effective temperature,29188,approximate binary/orbital period where available,Mostly hydrogen/helium plasma; trace metals,10.7,visualization origin/barycentric approximation,,,system-level visualization frame,Alpha Cen A/B orbit barycenter; no confirmed planet included here.,https://exoplanetarchive.ipac.caltech.edu/overview/alpha%20Cen; https://exoplanetarchive.ipac.caltech.edu/docs/API_PS_columns.html
1,Alpha Centauri / Proxima Centauri,4.2465,3,2,Centaurus,Alpha Centauri B,star,,stellar component,K1V,1202179.0,stellar radius × solar diameter,5260,4987.0,stellar effective temperature,29188,approximate binary/orbital period where available,Mostly hydrogen/helium plasma; trace metals,12.7,visualization origin/barycentric approximation,,,system-level visualization frame,Alpha Cen A/B orbit barycenter; claimed Alpha Cen B b/c signals are not treated as confirmed.,https://exoplanetarchive.ipac.caltech.edu/overview/alpha%20Cen; https://exoplanetarchive.ipac.caltech.edu/docs/API_PS_columns.html
1,Alpha Centauri / Proxima Centauri,4.2465,3,2,Centaurus,Proxima Centauri,star,,stellar component,M5.5Ve,214754.0,stellar radius × solar diameter,3042,2769.0,stellar effective temperature,199775000,approximate binary/orbital period where available,Mostly hydrogen/helium plasma; trace metals,8700,visualization origin/barycentric approximation,,,system-level visualization frame,Wide companion to Alpha Cen A/B; distance/orbital period are rough visualization values.,https://exoplanetarchive.ipac.caltech.edu/overview/alpha%20Cen; https://exoplanetarchive.ipac.caltech.edu/docs/API_PS_columns.html
1,Alpha Centauri / Proxima Centauri,4.2465,3,2,Centaurus,Proxima Centauri d,planet,Proxima Centauri,confirmed,N/A,8817.0,catalog/reported radius or estimate,310.0,37.0,estimated equilibrium temperature; assumes Bond albedo 0.3; not measured surface temperature,5.122,orbital period around host star,Silicate rock plus iron/nickel core; atmosphere unknown,0.0288,planet semi-major axis from host star; use with host_object for multi-star systems,0.26,0.692,host-centric orbit; in unary systems this equals system-center orbit,Confirmed by current NASA Science catalog; innermost known Proxima planet.,https://science.nasa.gov/exoplanet-catalog/proxima-centauri-d/; https://exoplanetarchive.ipac.caltech.edu/docs/API_PS_columns.html
1,Alpha Centauri / Proxima Centauri,4.2465,3,2,Centaurus,Proxima Centauri b,planet,Proxima Centauri,confirmed,N/A,12997.0,catalog/reported radius or estimate,234,-39.0,catalog/reported equilibrium temperature; not measured surface temperature,11.186,orbital period around host star,Silicate rock plus iron/nickel core; atmosphere unknown,0.0485,planet semi-major axis from host star; use with host_object for multi-star systems,1.055,1.02,host-centric orbit; in unary systems this equals system-center orbit,Nearest confirmed potentially habitable-zone exoplanet; surface conditions unknown.,https://science.nasa.gov/exoplanet-catalog/proxima-centauri-b/; https://exoplanetarchive.ipac.caltech.edu/docs/API_PS_columns.html
1,Alpha Centauri / Proxima Centauri,4.2465,3,2,Centaurus,Proxima Centauri c,planet_candidate,Proxima Centauri,candidate/disputed - not counted,N/A,20005.0,catalog/reported radius or estimate,39,-234.0,catalog/reported equilibrium temperature; not measured surface temperature,1900,orbital period around host star,Hydrogen/helium plus water/ammonia/methane ices; rocky core likely,1.48,planet semi-major axis from host star; use with host_object for multi-star systems,5.8,1.57,host-centric orbit; in unary systems this equals system-center orbit,"Included only to audit current app data: this should be marked candidate, not confirmed.",https://exoplanetarchive.ipac.caltech.edu/overview/alpha%20Cen; https://exoplanetarchive.ipac.caltech.edu/docs/API_PS_columns.html
2,Barnard's Star,5.9629,1,4,Ophiuchus,Barnard's Star,star,,stellar component,M4V,272969.0,stellar radius × solar diameter,3192,2919.0,stellar effective temperature,0,binary orbit where known; 0 means chosen system origin/static star for visualization,Mostly hydrogen/helium plasma; trace metals,0,visualization origin/barycentric approximation,,,system-level visualization frame,,https://exoplanetarchive.ipac.caltech.edu/overview/Barnards%20star; https://exoplanetarchive.ipac.caltech.edu/docs/API_PS_columns.html
2,Barnard's Star,5.9629,1,4,Ophiuchus,Barnard d,planet,Barnard's Star,confirmed,N/A,8884.0,rough visual radius estimate from mass/class; not measured,483,210.0,catalog/reported equilibrium temperature; not measured surface temperature,2.3402,orbital period around host star,Silicate rock plus iron/nickel core; atmosphere unknown,0.0188,planet semi-major axis from host star; use with host_object for multi-star systems,0.263,0.6972,host-centric orbit; in unary systems this equals system-center orbit,Minimum mass from radial velocity; too close/hot for habitability.,https://exoplanetarchive.ipac.caltech.edu/overview/Barnards%20star; https://exoplanetarchive.ipac.caltech.edu/docs/API_PS_columns.html
2,Barnard's Star,5.9629,1,4,Ophiuchus,Barnard b,planet,Barnard's Star,confirmed,N/A,9206.0,rough visual radius estimate from mass/class; not measured,442,169.0,catalog/reported equilibrium temperature; not measured surface temperature,3.154,orbital period around host star,Silicate rock plus iron/nickel core; atmosphere unknown,0.0229,planet semi-major axis from host star; use with host_object for multi-star systems,0.3,0.7225,host-centric orbit; in unary systems this equals system-center orbit,Minimum mass from radial velocity; too close/hot for habitability.,https://exoplanetarchive.ipac.caltech.edu/overview/Barnards%20star; https://exoplanetarchive.ipac.caltech.edu/docs/API_PS_columns.html
2,Barnard's Star,5.9629,1,4,Ophiuchus,Barnard c,planet,Barnard's Star,confirmed,N/A,9484.0,rough visual radius estimate from mass/class; not measured,400,127.0,catalog/reported equilibrium temperature; not measured surface temperature,4.1244,orbital period around host star,Silicate rock plus iron/nickel core; atmosphere unknown,0.0274,planet semi-major axis from host star; use with host_object for multi-star systems,0.335,0.7443,host-centric orbit; in unary systems this equals system-center orbit,Minimum mass from radial velocity; too close/hot for habitability.,https://exoplanetarchive.ipac.caltech.edu/overview/Barnards%20star; https://exoplanetarchive.ipac.caltech.edu/docs/API_PS_columns.html
2,Barnard's Star,5.9629,1,4,Ophiuchus,Barnard e,planet,Barnard's Star,confirmed,N/A,8172.0,rough visual radius estimate from mass/class; not measured,340,67.0,catalog/reported equilibrium temperature; not measured surface temperature,6.7392,orbital period around host star,Silicate rock plus iron/nickel core; atmosphere unknown,0.0381,planet semi-major axis from host star; use with host_object for multi-star systems,0.193,0.6414,host-centric orbit; in unary systems this equals system-center orbit,Minimum mass from radial velocity; too close/hot for habitability.,https://exoplanetarchive.ipac.caltech.edu/overview/Barnards%20star; https://exoplanetarchive.ipac.caltech.edu/docs/API_PS_columns.html
3,Lalande 21185,8.304,1,2,Ursa Major,Lalande 21185,star,,stellar component,M2V,547331.0,stellar radius × solar diameter,3828,3555.0,stellar effective temperature,0,binary orbit where known; 0 means chosen system origin/static star for visualization,Mostly hydrogen/helium plasma; trace metals,0,visualization origin/barycentric approximation,,,system-level visualization frame,,https://exoplanetarchive.ipac.caltech.edu/overview/Lalande%2021185; https://exoplanetarchive.ipac.caltech.edu/docs/API_PS_columns.html
3,Lalande 21185,8.304,1,2,Ursa Major,Lalande 21185 b,planet,Lalande 21185,confirmed,N/A,16644.0,rough visual radius estimate from mass/class; not measured,377.0,104.0,estimated equilibrium temperature; assumes Bond albedo 0.3; not measured surface temperature,12.94,orbital period around host star,Silicate rock plus iron/nickel core; atmosphere unknown,0.0788,planet semi-major axis from host star; use with host_object for multi-star systems,2.69,1.3063,host-centric orbit; in unary systems this equals system-center orbit,,https://exoplanetarchive.ipac.caltech.edu/overview/Lalande%2021185; https://en.wikipedia.org/wiki/List_of_nearest_exoplanets; https://exoplanetarchive.ipac.caltech.edu/docs/API_PS_columns.html
3,Lalande 21185,8.304,1,2,Ursa Major,Lalande 21185 c,planet,Lalande 21185,confirmed,N/A,41437.0,rough visual radius estimate from mass/class; not measured,62.0,-211.0,estimated equilibrium temperature; assumes Bond albedo 0.3; not measured surface temperature,2946,orbital period around host star,Hydrogen/helium plus water/ammonia/methane ices; rocky core likely,2.94,planet semi-major axis from host star; use with host_object for multi-star systems,13.6,3.252,host-centric orbit; in unary systems this equals system-center orbit,,https://exoplanetarchive.ipac.caltech.edu/overview/Lalande%2021185; https://en.wikipedia.org/wiki/List_of_nearest_exoplanets; https://exoplanetarchive.ipac.caltech.edu/docs/API_PS_columns.html
4,Epsilon Eridani,10.501,1,1,Eridanus,Epsilon Eridani,star,,stellar component,K2V,1023634.0,stellar radius × solar diameter,5084,4811.0,stellar effective temperature,0,binary orbit where known; 0 means chosen system origin/static star for visualization,Mostly hydrogen/helium plasma; trace metals,0,visualization origin/barycentric approximation,,,system-level visualization frame,,https://exoplanetarchive.ipac.caltech.edu/overview/eps%20Eri; https://exoplanetarchive.ipac.caltech.edu/docs/API_PS_columns.html
4,Epsilon Eridani,10.501,1,1,Eridanus,Epsilon Eridani b (Ægir),planet,Epsilon Eridani,confirmed,N/A,142710.0,catalog/reported radius or estimate,102.0,-171.0,estimated equilibrium temperature; assumes Bond albedo 0.3; not measured surface temperature,2680,orbital period around host star,Hydrogen/helium envelope; heavy-element core likely,3.53,planet semi-major axis from host star; use with host_object for multi-star systems,318,11.2,host-centric orbit; in unary systems this equals system-center orbit,,https://exoplanetarchive.ipac.caltech.edu/overview/eps%20Eri; https://exoplanetarchive.ipac.caltech.edu/docs/API_PS_columns.html
5,Gliese 887 / Lacaille 9352,10.724,1,4,Piscis Austrinus,Gliese 887,star,,stellar component,M0.5V,655962.0,stellar radius × solar diameter,3688,3415.0,stellar effective temperature,0,binary orbit where known; 0 means chosen system origin/static star for visualization,Mostly hydrogen/helium plasma; trace metals,0,visualization origin/barycentric approximation,,,system-level visualization frame,,https://exoplanetarchive.ipac.caltech.edu/overview/GJ%20887; https://exoplanetarchive.ipac.caltech.edu/docs/API_PS_columns.html
5,Gliese 887 / Lacaille 9352,10.724,1,4,Piscis Austrinus,Gliese 887 e,planet,Gliese 887,confirmed,N/A,14113.0,rough visual radius estimate from mass/class; not measured,545.0,272.0,estimated equilibrium temperature; assumes Bond albedo 0.3; not measured surface temperature,4.42,orbital period around host star,Silicate rock plus iron/nickel core; atmosphere unknown,0.042,planet semi-major axis from host star; use with host_object for multi-star systems,1.46,1.1076,host-centric orbit; in unary systems this equals system-center orbit,,https://exoplanetarchive.ipac.caltech.edu/overview/GJ%20887; https://exoplanetarchive.ipac.caltech.edu/docs/API_PS_columns.html
5,Gliese 887 / Lacaille 9352,10.724,1,4,Piscis Austrinus,Gliese 887 b,planet,Gliese 887,confirmed,N/A,18400.0,rough visual radius estimate from mass/class; not measured,428.0,155.0,estimated equilibrium temperature; assumes Bond albedo 0.3; not measured surface temperature,9.262,orbital period around host star,Silicate rock plus iron/nickel core; atmosphere unknown,0.068,planet semi-major axis from host star; use with host_object for multi-star systems,3.9,1.4441,host-centric orbit; in unary systems this equals system-center orbit,,https://exoplanetarchive.ipac.caltech.edu/overview/GJ%20887; https://exoplanetarchive.ipac.caltech.edu/docs/API_PS_columns.html
5,Gliese 887 / Lacaille 9352,10.724,1,4,Piscis Austrinus,Gliese 887 c,planet,Gliese 887,confirmed,N/A,32874.0,rough visual radius estimate from mass/class; not measured,321.0,48.0,estimated equilibrium temperature; assumes Bond albedo 0.3; not measured surface temperature,21.78,orbital period around host star,Hydrogen/helium plus water/ammonia/methane ices; rocky core likely,0.121,planet semi-major axis from host star; use with host_object for multi-star systems,6.5,2.58,host-centric orbit; in unary systems this equals system-center orbit,,https://exoplanetarchive.ipac.caltech.edu/overview/GJ%20887; https://exoplanetarchive.ipac.caltech.edu/docs/API_PS_columns.html
5,Gliese 887 / Lacaille 9352,10.724,1,4,Piscis Austrinus,Gliese 887 d,planet,Gliese 887,confirmed,N/A,32263.0,rough visual radius estimate from mass/class; not measured,242.0,-31.0,estimated equilibrium temperature; assumes Bond albedo 0.3; not measured surface temperature,50.77,orbital period around host star,Hydrogen/helium plus water/ammonia/methane ices; rocky core likely,0.212,planet semi-major axis from host star; use with host_object for multi-star systems,6.1,2.532,host-centric orbit; in unary systems this equals system-center orbit,,https://exoplanetarchive.ipac.caltech.edu/overview/GJ%20887; https://exoplanetarchive.ipac.caltech.edu/docs/API_PS_columns.html
6,Ross 128,11.007,1,1,Virgo,Ross 128,star,,stellar component,M4V,274362.0,stellar radius × solar diameter,3192,2919.0,stellar effective temperature,0,binary orbit where known; 0 means chosen system origin/static star for visualization,Mostly hydrogen/helium plasma; trace metals,0,visualization origin/barycentric approximation,,,system-level visualization frame,,https://exoplanetarchive.ipac.caltech.edu/overview/Ross%20128; https://exoplanetarchive.ipac.caltech.edu/docs/API_PS_columns.html
6,Ross 128,11.007,1,1,Virgo,Ross 128 b,planet,Ross 128,confirmed,N/A,13954.0,rough visual radius estimate from mass/class; not measured,281.0,7.0,estimated equilibrium temperature; assumes Bond albedo 0.3; not measured surface temperature,9.866,orbital period around host star,Silicate rock plus iron/nickel core; atmosphere unknown,0.0496,planet semi-major axis from host star; use with host_object for multi-star systems,1.4,1.0951,host-centric orbit; in unary systems this equals system-center orbit,,https://exoplanetarchive.ipac.caltech.edu/overview/Ross%20128; https://exoplanetarchive.ipac.caltech.edu/docs/API_PS_columns.html
7,Gliese 725,11.491,2,2,Draco,Gliese 725 A,star,,stellar component,M3.0V,487445.0,stellar radius × solar diameter,3400,3127.0,stellar effective temperature,,approximate binary/orbital period where available,Mostly hydrogen/helium plasma; trace metals,0,visualization origin/barycentric approximation,,,system-level visualization frame,Primary chosen as visualization origin; binary separation approximate/projected.,https://exoplanetarchive.ipac.caltech.edu/overview/Gliese%20725; https://exoplanetarchive.ipac.caltech.edu/docs/API_PS_columns.html
7,Gliese 725,11.491,2,2,Draco,Gliese 725 B,star,,stellar component,M3.5V,389956.0,stellar radius × solar diameter,3300,3027.0,stellar effective temperature,,approximate binary/orbital period where available,Mostly hydrogen/helium plasma; trace metals,36,visualization origin/barycentric approximation,,,system-level visualization frame,Approximate projected separation; use source data for precise orbit.,https://exoplanetarchive.ipac.caltech.edu/overview/Gliese%20725; https://exoplanetarchive.ipac.caltech.edu/docs/API_PS_columns.html
7,Gliese 725,11.491,2,2,Draco,Gliese 725 A b,planet,Gliese 725 A,confirmed,N/A,16793.0,rough visual radius estimate from mass/class; not measured,340.0,67.0,estimated equilibrium temperature; assumes Bond albedo 0.3; not measured surface temperature,11.2201,orbital period around host star,Silicate rock plus iron/nickel core; atmosphere unknown,0.068,planet semi-major axis from host star; use with host_object for multi-star systems,2.78,1.3179,host-centric orbit; in unary systems this equals system-center orbit,,https://exoplanetarchive.ipac.caltech.edu/overview/Gliese%20725; https://exoplanetarchive.ipac.caltech.edu/docs/API_PS_columns.html
7,Gliese 725,11.491,2,2,Draco,Gliese 725 B c,planet,Gliese 725 B,confirmed,N/A,17731.0,rough visual radius estimate from mass/class; not measured,207.0,-67.0,estimated equilibrium temperature; assumes Bond albedo 0.3; not measured surface temperature,37.9,orbital period around host star,Silicate rock plus iron/nickel core; atmosphere unknown,0.139,planet semi-major axis from host star; use with host_object for multi-star systems,3.4,1.3916,host-centric orbit; in unary systems this equals system-center orbit,,https://exoplanetarchive.ipac.caltech.edu/overview/Gliese%20725; https://exoplanetarchive.ipac.caltech.edu/docs/API_PS_columns.html
8,Groombridge 34 / Gliese 15,11.619,2,2,Andromeda,Groombridge 34 A,star,,stellar component,M1.5V,537582.0,stellar radius × solar diameter,3567,3294.0,stellar effective temperature,,approximate binary/orbital period where available,Mostly hydrogen/helium plasma; trace metals,0,visualization origin/barycentric approximation,,,system-level visualization frame,,https://exoplanetarchive.ipac.caltech.edu/overview/GJ%2015; https://exoplanetarchive.ipac.caltech.edu/docs/API_PS_columns.html
8,Groombridge 34 / Gliese 15,11.619,2,2,Andromeda,Groombridge 34 B,star,,stellar component,M3.5V,272969.0,stellar radius × solar diameter,3300,3027.0,stellar effective temperature,,approximate binary/orbital period where available,Mostly hydrogen/helium plasma; trace metals,146,visualization origin/barycentric approximation,,,system-level visualization frame,Approximate projected separation; host planets currently assigned to A.,https://exoplanetarchive.ipac.caltech.edu/overview/GJ%2015; https://exoplanetarchive.ipac.caltech.edu/docs/API_PS_columns.html
8,Groombridge 34 / Gliese 15,11.619,2,2,Andromeda,Groombridge 34 A b,planet,Groombridge 34 A,confirmed,N/A,17188.0,rough visual radius estimate from mass/class; not measured,364.0,91.0,estimated equilibrium temperature; assumes Bond albedo 0.3; not measured surface temperature,11.44,orbital period around host star,Silicate rock plus iron/nickel core; atmosphere unknown,0.072,planet semi-major axis from host star; use with host_object for multi-star systems,3.03,1.3489,host-centric orbit; in unary systems this equals system-center orbit,,https://exoplanetarchive.ipac.caltech.edu/overview/GJ%2015; https://exoplanetarchive.ipac.caltech.edu/docs/API_PS_columns.html
8,Groombridge 34 / Gliese 15,11.619,2,2,Andromeda,Groombridge 34 A c,planet,Groombridge 34 A,confirmed,N/A,70336.0,rough visual radius estimate from mass/class; not measured,42.0,-231.0,estimated equilibrium temperature; assumes Bond albedo 0.3; not measured surface temperature,7600,orbital period around host star,Hydrogen/helium plus water/ammonia/methane ices; rocky core likely,5.4,planet semi-major axis from host star; use with host_object for multi-star systems,36,5.52,host-centric orbit; in unary systems this equals system-center orbit,,https://exoplanetarchive.ipac.caltech.edu/overview/GJ%2015; https://exoplanetarchive.ipac.caltech.edu/docs/API_PS_columns.html
9,Epsilon Indi,11.867,1,1,Indus,Epsilon Indi A,star,,stellar component,K5V,1019456.0,stellar radius × solar diameter,4630,4357.0,stellar effective temperature,0,binary orbit where known; 0 means chosen system origin/static star for visualization,Mostly hydrogen/helium plasma; trace metals,0,visualization origin/barycentric approximation,,,system-level visualization frame,,https://exoplanetarchive.ipac.caltech.edu/overview/eps%20Ind; https://exoplanetarchive.ipac.caltech.edu/docs/API_PS_columns.html
9,Epsilon Indi,11.867,1,1,Indus,Epsilon Indi Ab,planet,Epsilon Indi A,confirmed,N/A,142710.0,catalog/reported radius or estimate,33.0,-240.0,estimated equilibrium temperature; assumes Bond albedo 0.3; not measured surface temperature,63400,orbital period around host star,Hydrogen/helium envelope; heavy-element core likely,28.4,planet semi-major axis from host star; use with host_object for multi-star systems,2005,11.2,host-centric orbit; in unary systems this equals system-center orbit,Wide directly imaged/astrometric giant; brown dwarf companions are not counted as stars here.,https://exoplanetarchive.ipac.caltech.edu/overview/eps%20Ind; https://exoplanetarchive.ipac.caltech.edu/docs/API_PS_columns.html
10,GJ 1061,11.984,1,3,Horologium,GJ 1061,star,,stellar component,M5.5V,217261.0,stellar radius × solar diameter,2953,2680.0,stellar effective temperature,0,binary orbit where known; 0 means chosen system origin/static star for visualization,Mostly hydrogen/helium plasma; trace metals,0,visualization origin/barycentric approximation,,,system-level visualization frame,,https://exoplanetarchive.ipac.caltech.edu/overview/GJ%201061; https://exoplanetarchive.ipac.caltech.edu/docs/API_PS_columns.html
10,GJ 1061,11.984,1,3,Horologium,GJ 1061 b,planet,GJ 1061,confirmed,N/A,13872.0,rough visual radius estimate from mass/class; not measured,355.0,82.0,estimated equilibrium temperature; assumes Bond albedo 0.3; not measured surface temperature,3.204,orbital period around host star,Silicate rock plus iron/nickel core; atmosphere unknown,0.021,planet semi-major axis from host star; use with host_object for multi-star systems,1.37,1.0887,host-centric orbit; in unary systems this equals system-center orbit,,https://exoplanetarchive.ipac.caltech.edu/overview/GJ%201061; https://exoplanetarchive.ipac.caltech.edu/docs/API_PS_columns.html
10,GJ 1061,11.984,1,3,Horologium,GJ 1061 c,planet,GJ 1061,confirmed,N/A,14797.0,rough visual radius estimate from mass/class; not measured,275.0,2.0,estimated equilibrium temperature; assumes Bond albedo 0.3; not measured surface temperature,6.689,orbital period around host star,Silicate rock plus iron/nickel core; atmosphere unknown,0.035,planet semi-major axis from host star; use with host_object for multi-star systems,1.74,1.1613,host-centric orbit; in unary systems this equals system-center orbit,,https://exoplanetarchive.ipac.caltech.edu/overview/GJ%201061; https://exoplanetarchive.ipac.caltech.edu/docs/API_PS_columns.html
10,GJ 1061,11.984,1,3,Horologium,GJ 1061 d,planet,GJ 1061,confirmed,N/A,14563.0,rough visual radius estimate from mass/class; not measured,221.0,-52.0,estimated equilibrium temperature; assumes Bond albedo 0.3; not measured surface temperature,13.03,orbital period around host star,Silicate rock plus iron/nickel core; atmosphere unknown,0.054,planet semi-major axis from host star; use with host_object for multi-star systems,1.64,1.1429,host-centric orbit; in unary systems this equals system-center orbit,,https://exoplanetarchive.ipac.caltech.edu/overview/GJ%201061; https://exoplanetarchive.ipac.caltech.edu/docs/API_PS_columns.html
11,YZ Ceti,12.122,1,3,Cetus,YZ Ceti,star,,stellar component,M4.5V,233974.0,stellar radius × solar diameter,3150,2877.0,stellar effective temperature,0,binary orbit where known; 0 means chosen system origin/static star for visualization,Mostly hydrogen/helium plasma; trace metals,0,visualization origin/barycentric approximation,,,system-level visualization frame,,https://exoplanetarchive.ipac.caltech.edu/overview/YZ%20Cet; https://exoplanetarchive.ipac.caltech.edu/docs/API_PS_columns.html
11,YZ Ceti,12.122,1,3,Cetus,YZ Ceti b,planet,YZ Ceti,confirmed,N/A,11572.0,rough visual radius estimate from mass/class; not measured,446.0,173.0,estimated equilibrium temperature; assumes Bond albedo 0.3; not measured surface temperature,2.021,orbital period around host star,Silicate rock plus iron/nickel core; atmosphere unknown,0.0163,planet semi-major axis from host star; use with host_object for multi-star systems,0.7,0.9082,host-centric orbit; in unary systems this equals system-center orbit,,https://exoplanetarchive.ipac.caltech.edu/overview/YZ%20Cet; https://exoplanetarchive.ipac.caltech.edu/docs/API_PS_columns.html
11,YZ Ceti,12.122,1,3,Cetus,YZ Ceti c,planet,YZ Ceti,confirmed,N/A,13201.0,rough visual radius estimate from mass/class; not measured,387.0,114.0,estimated equilibrium temperature; assumes Bond albedo 0.3; not measured surface temperature,3.06,orbital period around host star,Silicate rock plus iron/nickel core; atmosphere unknown,0.0216,planet semi-major axis from host star; use with host_object for multi-star systems,1.14,1.036,host-centric orbit; in unary systems this equals system-center orbit,,https://exoplanetarchive.ipac.caltech.edu/overview/YZ%20Cet; https://exoplanetarchive.ipac.caltech.edu/docs/API_PS_columns.html
11,YZ Ceti,12.122,1,3,Cetus,YZ Ceti d,planet,YZ Ceti,confirmed,N/A,13042.0,rough visual radius estimate from mass/class; not measured,337.0,64.0,estimated equilibrium temperature; assumes Bond albedo 0.3; not measured surface temperature,4.656,orbital period around host star,Silicate rock plus iron/nickel core; atmosphere unknown,0.0285,planet semi-major axis from host star; use with host_object for multi-star systems,1.09,1.0235,host-centric orbit; in unary systems this equals system-center orbit,,https://exoplanetarchive.ipac.caltech.edu/overview/YZ%20Cet; https://exoplanetarchive.ipac.caltech.edu/docs/API_PS_columns.html
12,Luyten's Star / GJ 273,12.348,1,2,Canis Minor,Luyten's Star,star,,stellar component,M3.5V,408061.0,stellar radius × solar diameter,3382,3109.0,stellar effective temperature,0,binary orbit where known; 0 means chosen system origin/static star for visualization,Mostly hydrogen/helium plasma; trace metals,0,visualization origin/barycentric approximation,,,system-level visualization frame,,https://exoplanetarchive.ipac.caltech.edu/overview/GJ%20273; https://exoplanetarchive.ipac.caltech.edu/docs/API_PS_columns.html
12,Luyten's Star / GJ 273,12.348,1,2,Canis Minor,GJ 273 c,planet,Luyten's Star,confirmed,N/A,13324.0,rough visual radius estimate from mass/class; not measured,423.0,149.0,estimated equilibrium temperature; assumes Bond albedo 0.3; not measured surface temperature,4.723,orbital period around host star,Silicate rock plus iron/nickel core; atmosphere unknown,0.0365,planet semi-major axis from host star; use with host_object for multi-star systems,1.18,1.0457,host-centric orbit; in unary systems this equals system-center orbit,,https://exoplanetarchive.ipac.caltech.edu/overview/GJ%20273; https://exoplanetarchive.ipac.caltech.edu/docs/API_PS_columns.html
12,Luyten's Star / GJ 273,12.348,1,2,Canis Minor,GJ 273 b,planet,Luyten's Star,confirmed,N/A,16970.0,rough visual radius estimate from mass/class; not measured,268.0,-6.0,estimated equilibrium temperature; assumes Bond albedo 0.3; not measured surface temperature,18.65,orbital period around host star,Silicate rock plus iron/nickel core; atmosphere unknown,0.0911,planet semi-major axis from host star; use with host_object for multi-star systems,2.89,1.3318,host-centric orbit; in unary systems this equals system-center orbit,,https://exoplanetarchive.ipac.caltech.edu/overview/GJ%20273; https://exoplanetarchive.ipac.caltech.edu/docs/API_PS_columns.html
13,Teegarden's Star,12.497,1,3,Aries,Teegarden's Star,star,,stellar component,M7V,149019.0,stellar radius × solar diameter,2904,2631.0,stellar effective temperature,0,binary orbit where known; 0 means chosen system origin/static star for visualization,Mostly hydrogen/helium plasma; trace metals,0,visualization origin/barycentric approximation,,,system-level visualization frame,,https://exoplanetarchive.ipac.caltech.edu/overview/Teegarden%27s%20Star; https://exoplanetarchive.ipac.caltech.edu/docs/API_PS_columns.html
13,Teegarden's Star,12.497,1,3,Aries,Teegarden's Star b,planet,Teegarden's Star,confirmed,N/A,13263.0,rough visual radius estimate from mass/class; not measured,260.0,-13.0,estimated equilibrium temperature; assumes Bond albedo 0.3; not measured surface temperature,4.906,orbital period around host star,Silicate rock plus iron/nickel core; atmosphere unknown,0.0259,planet semi-major axis from host star; use with host_object for multi-star systems,1.16,1.0409,host-centric orbit; in unary systems this equals system-center orbit,,https://exoplanetarchive.ipac.caltech.edu/overview/Teegarden%27s%20Star; https://exoplanetarchive.ipac.caltech.edu/docs/API_PS_columns.html
13,Teegarden's Star,12.497,1,3,Aries,Teegarden's Star c,planet,Teegarden's Star,confirmed,N/A,12911.0,rough visual radius estimate from mass/class; not measured,196.0,-77.0,estimated equilibrium temperature; assumes Bond albedo 0.3; not measured surface temperature,11.42,orbital period around host star,Silicate rock plus iron/nickel core; atmosphere unknown,0.0455,planet semi-major axis from host star; use with host_object for multi-star systems,1.05,1.0133,host-centric orbit; in unary systems this equals system-center orbit,,https://exoplanetarchive.ipac.caltech.edu/overview/Teegarden%27s%20Star; https://exoplanetarchive.ipac.caltech.edu/docs/API_PS_columns.html
13,Teegarden's Star,12.497,1,3,Aries,Teegarden's Star d,planet,Teegarden's Star,confirmed,N/A,12077.0,rough visual radius estimate from mass/class; not measured,149.0,-124.0,estimated equilibrium temperature; assumes Bond albedo 0.3; not measured surface temperature,26.13,orbital period around host star,Silicate rock plus iron/nickel core; atmosphere unknown,0.0791,planet semi-major axis from host star; use with host_object for multi-star systems,0.82,0.9478,host-centric orbit; in unary systems this equals system-center orbit,,https://exoplanetarchive.ipac.caltech.edu/overview/Teegarden%27s%20Star; https://exoplanetarchive.ipac.caltech.edu/docs/API_PS_columns.html
14,Wolf 1061,14.05,1,3,Ophiuchus,Wolf 1061,star,,stellar component,M3.5V,427559.0,stellar radius × solar diameter,3342,3069.0,stellar effective temperature,0,binary orbit where known; 0 means chosen system origin/static star for visualization,Mostly hydrogen/helium plasma; trace metals,0,visualization origin/barycentric approximation,,,system-level visualization frame,,https://exoplanetarchive.ipac.caltech.edu/overview/Wolf%201061; https://exoplanetarchive.ipac.caltech.edu/docs/API_PS_columns.html
14,Wolf 1061,14.05,1,3,Ophiuchus,Wolf 1061 b,planet,Wolf 1061,confirmed,N/A,15175.0,rough visual radius estimate from mass/class; not measured,422.0,149.0,estimated equilibrium temperature; assumes Bond albedo 0.3; not measured surface temperature,4.887,orbital period around host star,Silicate rock plus iron/nickel core; atmosphere unknown,0.0375,planet semi-major axis from host star; use with host_object for multi-star systems,1.91,1.1909,host-centric orbit; in unary systems this equals system-center orbit,,https://exoplanetarchive.ipac.caltech.edu/overview/Wolf%201061; https://exoplanetarchive.ipac.caltech.edu/docs/API_PS_columns.html
14,Wolf 1061,14.05,1,3,Ophiuchus,Wolf 1061 c,planet,Wolf 1061,confirmed,N/A,17745.0,rough visual radius estimate from mass/class; not measured,274.0,1.0,estimated equilibrium temperature; assumes Bond albedo 0.3; not measured surface temperature,17.87,orbital period around host star,Silicate rock plus iron/nickel core; atmosphere unknown,0.089,planet semi-major axis from host star; use with host_object for multi-star systems,3.41,1.3927,host-centric orbit; in unary systems this equals system-center orbit,,https://exoplanetarchive.ipac.caltech.edu/overview/Wolf%201061; https://exoplanetarchive.ipac.caltech.edu/docs/API_PS_columns.html
14,Wolf 1061,14.05,1,3,Ophiuchus,Wolf 1061 d,planet,Wolf 1061,confirmed,N/A,36175.0,rough visual radius estimate from mass/class; not measured,119.0,-154.0,estimated equilibrium temperature; assumes Bond albedo 0.3; not measured surface temperature,217,orbital period around host star,Hydrogen/helium plus water/ammonia/methane ices; rocky core likely,0.47,planet semi-major axis from host star; use with host_object for multi-star systems,7.7,2.839,host-centric orbit; in unary systems this equals system-center orbit,,https://exoplanetarchive.ipac.caltech.edu/overview/Wolf%201061; https://exoplanetarchive.ipac.caltech.edu/docs/API_PS_columns.html
15,TZ Arietis,14.578,1,1,Aries,TZ Arietis,star,,stellar component,M4.5V,222832.0,stellar radius × solar diameter,3100,2827.0,stellar effective temperature,0,binary orbit where known; 0 means chosen system origin/static star for visualization,Mostly hydrogen/helium plasma; trace metals,0,visualization origin/barycentric approximation,,,system-level visualization frame,,https://exoplanetarchive.ipac.caltech.edu/overview/TZ%20Ari; https://exoplanetarchive.ipac.caltech.edu/docs/API_PS_columns.html
15,TZ Arietis,14.578,1,1,Aries,TZ Arietis b,planet,TZ Arietis,confirmed,N/A,114678.0,rough visual radius estimate from mass/class; not measured,58.0,-215.0,estimated equilibrium temperature; assumes Bond albedo 0.3; not measured surface temperature,771,orbital period around host star,Hydrogen/helium plus water/ammonia/methane ices; rocky core likely,0.88,planet semi-major axis from host star; use with host_object for multi-star systems,67,9.0,host-centric orbit; in unary systems this equals system-center orbit,,https://exoplanetarchive.ipac.caltech.edu/overview/TZ%20Ari; https://exoplanetarchive.ipac.caltech.edu/docs/API_PS_columns.html
16,Gliese 687,14.839,1,2,Draco,Gliese 687,star,,stellar component,M3V,582149.0,stellar radius × solar diameter,3413,3140.0,stellar effective temperature,0,binary orbit where known; 0 means chosen system origin/static star for visualization,Mostly hydrogen/helium plasma; trace metals,0,visualization origin/barycentric approximation,,,system-level visualization frame,,https://exoplanetarchive.ipac.caltech.edu/overview/GJ%20687; https://exoplanetarchive.ipac.caltech.edu/docs/API_PS_columns.html
16,Gliese 687,14.839,1,2,Draco,Gliese 687 b,planet,Gliese 687,confirmed,N/A,44648.0,rough visual radius estimate from mass/class; not measured,241.0,-32.0,estimated equilibrium temperature; assumes Bond albedo 0.3; not measured surface temperature,38.14,orbital period around host star,Hydrogen/helium plus water/ammonia/methane ices; rocky core likely,0.163,planet semi-major axis from host star; use with host_object for multi-star systems,17.2,3.504,host-centric orbit; in unary systems this equals system-center orbit,,https://exoplanetarchive.ipac.caltech.edu/overview/GJ%20687; https://exoplanetarchive.ipac.caltech.edu/docs/API_PS_columns.html
16,Gliese 687,14.839,1,2,Draco,Gliese 687 c,planet,Gliese 687,confirmed,N/A,43578.0,rough visual radius estimate from mass/class; not measured,90.0,-183.0,estimated equilibrium temperature; assumes Bond albedo 0.3; not measured surface temperature,728,orbital period around host star,Hydrogen/helium plus water/ammonia/methane ices; rocky core likely,1.165,planet semi-major axis from host star; use with host_object for multi-star systems,16.0,3.42,host-centric orbit; in unary systems this equals system-center orbit,,https://exoplanetarchive.ipac.caltech.edu/overview/GJ%20687; https://exoplanetarchive.ipac.caltech.edu/docs/API_PS_columns.html
17,Gliese 674,14.849,1,1,Ara,Gliese 674,star,,stellar component,M2.5V,501372.0,stellar radius × solar diameter,3404,3131.0,stellar effective temperature,0,binary orbit where known; 0 means chosen system origin/static star for visualization,Mostly hydrogen/helium plasma; trace metals,0,visualization origin/barycentric approximation,,,system-level visualization frame,,https://exoplanetarchive.ipac.caltech.edu/overview/GJ%20674; https://exoplanetarchive.ipac.caltech.edu/docs/API_PS_columns.html
17,Gliese 674,14.849,1,1,Ara,Gliese 674 b,planet,Gliese 674,confirmed,N/A,39207.0,rough visual radius estimate from mass/class; not measured,456.0,183.0,estimated equilibrium temperature; assumes Bond albedo 0.3; not measured surface temperature,4.694,orbital period around host star,Hydrogen/helium plus water/ammonia/methane ices; rocky core likely,0.039,planet semi-major axis from host star; use with host_object for multi-star systems,11.1,3.077,host-centric orbit; in unary systems this equals system-center orbit,,https://exoplanetarchive.ipac.caltech.edu/overview/GJ%20674; https://exoplanetarchive.ipac.caltech.edu/docs/API_PS_columns.html
18,Gliese 876,15.238,1,4,Aquarius,Gliese 876,star,,stellar component,M4V,523655.0,stellar radius × solar diameter,3129,2856.0,stellar effective temperature,0,binary orbit where known; 0 means chosen system origin/static star for visualization,Mostly hydrogen/helium plasma; trace metals,0,visualization origin/barycentric approximation,,,system-level visualization frame,,https://exoplanetarchive.ipac.caltech.edu/overview/GJ%20876; https://exoplanetarchive.ipac.caltech.edu/docs/API_PS_columns.html
18,Gliese 876,15.238,1,4,Aquarius,Gliese 876 d,planet,Gliese 876,confirmed,N/A,33150.0,rough visual radius estimate from mass/class; not measured,584.0,311.0,estimated equilibrium temperature; assumes Bond albedo 0.3; not measured surface temperature,1.938,orbital period around host star,Hydrogen/helium plus water/ammonia/methane ices; rocky core likely,0.021,planet semi-major axis from host star; use with host_object for multi-star systems,6.68,2.6016,host-centric orbit; in unary systems this equals system-center orbit,,https://exoplanetarchive.ipac.caltech.edu/overview/GJ%20876; https://exoplanetarchive.ipac.caltech.edu/docs/API_PS_columns.html
18,Gliese 876,15.238,1,4,Aquarius,Gliese 876 c,planet,Gliese 876,confirmed,N/A,142710.0,rough visual radius estimate from mass/class; not measured,234.0,-39.0,estimated equilibrium temperature; assumes Bond albedo 0.3; not measured surface temperature,30.1,orbital period around host star,Hydrogen/helium envelope; heavy-element core likely,0.1309,planet semi-major axis from host star; use with host_object for multi-star systems,235,11.2,host-centric orbit; in unary systems this equals system-center orbit,,https://exoplanetarchive.ipac.caltech.edu/overview/GJ%20876; https://exoplanetarchive.ipac.caltech.edu/docs/API_PS_columns.html
18,Gliese 876,15.238,1,4,Aquarius,Gliese 876 b,planet,Gliese 876,confirmed,N/A,142710.0,rough visual radius estimate from mass/class; not measured,185.0,-88.0,estimated equilibrium temperature; assumes Bond albedo 0.3; not measured surface temperature,61.1,orbital period around host star,Hydrogen/helium envelope; heavy-element core likely,0.2098,planet semi-major axis from host star; use with host_object for multi-star systems,749,11.2,host-centric orbit; in unary systems this equals system-center orbit,,https://exoplanetarchive.ipac.caltech.edu/overview/GJ%20876; https://exoplanetarchive.ipac.caltech.edu/docs/API_PS_columns.html
18,Gliese 876,15.238,1,4,Aquarius,Gliese 876 e,planet,Gliese 876,confirmed,N/A,43578.0,rough visual radius estimate from mass/class; not measured,146.0,-127.0,estimated equilibrium temperature; assumes Bond albedo 0.3; not measured surface temperature,123.6,orbital period around host star,Hydrogen/helium plus water/ammonia/methane ices; rocky core likely,0.3355,planet semi-major axis from host star; use with host_object for multi-star systems,16,3.42,host-centric orbit; in unary systems this equals system-center orbit,,https://exoplanetarchive.ipac.caltech.edu/overview/GJ%20876; https://exoplanetarchive.ipac.caltech.edu/docs/API_PS_columns.html
19,GJ 1002,15.806,1,2,Cetus,GJ 1002,star,,stellar component,M5.5V,190800.0,stellar radius × solar diameter,3024,2751.0,stellar effective temperature,0,binary orbit where known; 0 means chosen system origin/static star for visualization,Mostly hydrogen/helium plasma; trace metals,0,visualization origin/barycentric approximation,,,system-level visualization frame,,https://exoplanetarchive.ipac.caltech.edu/overview/GJ%201002; https://exoplanetarchive.ipac.caltech.edu/docs/API_PS_columns.html
19,GJ 1002,15.806,1,2,Cetus,GJ 1002 b,planet,GJ 1002,confirmed,N/A,13010.0,rough visual radius estimate from mass/class; not measured,231.0,-42.0,estimated equilibrium temperature; assumes Bond albedo 0.3; not measured surface temperature,10.35,orbital period around host star,Silicate rock plus iron/nickel core; atmosphere unknown,0.0457,planet semi-major axis from host star; use with host_object for multi-star systems,1.08,1.021,host-centric orbit; in unary systems this equals system-center orbit,,https://exoplanetarchive.ipac.caltech.edu/overview/GJ%201002; https://exoplanetarchive.ipac.caltech.edu/docs/API_PS_columns.html
19,GJ 1002,15.806,1,2,Cetus,GJ 1002 c,planet,GJ 1002,confirmed,N/A,13845.0,rough visual radius estimate from mass/class; not measured,182.0,-91.0,estimated equilibrium temperature; assumes Bond albedo 0.3; not measured surface temperature,21.2,orbital period around host star,Silicate rock plus iron/nickel core; atmosphere unknown,0.0738,planet semi-major axis from host star; use with host_object for multi-star systems,1.36,1.0866,host-centric orbit; in unary systems this equals system-center orbit,,https://exoplanetarchive.ipac.caltech.edu/overview/GJ%201002; https://exoplanetarchive.ipac.caltech.edu/docs/API_PS_columns.html
20,Gliese 832,16.2,1,1,Grus,Gliese 832,star,,stellar component,M1.5V,668496.0,stellar radius × solar diameter,3620,3347.0,stellar effective temperature,0,binary orbit where known; 0 means chosen system origin/static star for visualization,Mostly hydrogen/helium plasma; trace metals,0,visualization origin/barycentric approximation,,,system-level visualization frame,,https://exoplanetarchive.ipac.caltech.edu/overview/GJ%20832; https://exoplanetarchive.ipac.caltech.edu/docs/API_PS_columns.html
20,Gliese 832,16.2,1,1,Grus,Gliese 832 b,planet,Gliese 832,confirmed,N/A,142710.0,catalog/reported radius or estimate,58.0,-216.0,estimated equilibrium temperature; assumes Bond albedo 0.3; not measured surface temperature,3853,orbital period around host star,Hydrogen/helium envelope; heavy-element core likely,3.7,planet semi-major axis from host star; use with host_object for multi-star systems,315,11.2,host-centric orbit; in unary systems this equals system-center orbit,Refuted inner candidate not included.,https://exoplanetarchive.ipac.caltech.edu/overview/GJ%20832; https://exoplanetarchive.ipac.caltech.edu/docs/API_PS_columns.html
21,GJ 3323,17.531,1,2,Eridanus,GJ 3323,star,,stellar component,M4.0Ve,165731.0,stellar radius × solar diameter,3159,2886.0,stellar effective temperature,0,binary orbit where known; 0 means chosen system origin/static star for visualization,Mostly hydrogen/helium plasma; trace metals,0,visualization origin/barycentric approximation,,,system-level visualization frame,,https://exoplanetarchive.ipac.caltech.edu/overview/GJ%203323; https://exoplanetarchive.ipac.caltech.edu/docs/API_PS_columns.html
21,GJ 3323,17.531,1,2,Eridanus,GJ 3323 b,planet,GJ 3323,confirmed,N/A,15673.0,catalog/reported radius or estimate,265.0,-8.0,estimated equilibrium temperature; assumes Bond albedo 0.3; not measured surface temperature,5.36,orbital period around host star,Silicate rock plus iron/nickel core; atmosphere unknown,0.0328,planet semi-major axis from host star; use with host_object for multi-star systems,2.02,1.23,host-centric orbit; in unary systems this equals system-center orbit,,https://science.nasa.gov/exoplanet-catalog/gj-3323-b/; https://exoplanetarchive.ipac.caltech.edu/docs/API_PS_columns.html
21,GJ 3323,17.531,1,2,Eridanus,GJ 3323 c,planet,GJ 3323,confirmed,N/A,16819.0,catalog/reported radius or estimate,135.0,-138.0,estimated equilibrium temperature; assumes Bond albedo 0.3; not measured surface temperature,40.54,orbital period around host star,Silicate rock plus iron/nickel core; atmosphere unknown,0.1264,planet semi-major axis from host star; use with host_object for multi-star systems,2.31,1.32,host-centric orbit; in unary systems this equals system-center orbit,,https://science.nasa.gov/exoplanet-catalog/gj-3323-c/; https://exoplanetarchive.ipac.caltech.edu/docs/API_PS_columns.html
22,Gliese 251,18.215,1,2,Gemini,Gliese 251,star,,stellar component,M3.0V,506943.0,stellar radius × solar diameter,3423,3150.0,stellar effective temperature,0,binary orbit where known; 0 means chosen system origin/static star for visualization,Mostly hydrogen/helium plasma; trace metals,0,visualization origin/barycentric approximation,,,system-level visualization frame,,https://exoplanetarchive.ipac.caltech.edu/overview/GJ%20251; https://exoplanetarchive.ipac.caltech.edu/docs/API_PS_columns.html
22,Gliese 251,18.215,1,2,Gemini,Gliese 251 b,planet,Gliese 251,confirmed,N/A,22808.0,catalog/NASA Science estimate,336,63.0,catalog/reported equilibrium temperature; not measured surface temperature,14.237,orbital period around host star,Silicate rock plus iron/nickel core; atmosphere unknown,0.0808,planet semi-major axis from host star; use with host_object for multi-star systems,3.85,1.79,host-centric orbit; in unary systems this equals system-center orbit,,https://exoplanetarchive.ipac.caltech.edu/overview/GJ%20251; https://exoplanetarchive.ipac.caltech.edu/docs/API_PS_columns.html
22,Gliese 251,18.215,1,2,Gemini,Gliese 251 c,planet,Gliese 251,confirmed,N/A,18375.0,rough visual radius estimate from mass/class; not measured,216,-57.0,catalog/reported equilibrium temperature; not measured surface temperature,53.647,orbital period around host star,Silicate rock plus iron/nickel core; atmosphere unknown,0.196,planet semi-major axis from host star; use with host_object for multi-star systems,3.88,1.4421,host-centric orbit; in unary systems this equals system-center orbit,,https://exoplanetarchive.ipac.caltech.edu/overview/GJ%20251; https://exoplanetarchive.ipac.caltech.edu/docs/API_PS_columns.html
23,Gliese 752,19.292,2,1,Aquila,Gliese 752 A,star,,stellar component,M2.5V,668496.0,stellar radius × solar diameter,3354,3081.0,stellar effective temperature,,approximate binary/orbital period where available,Mostly hydrogen/helium plasma; trace metals,0,visualization origin/barycentric approximation,,,system-level visualization frame,,https://exoplanetarchive.ipac.caltech.edu/overview/GJ%20752; https://exoplanetarchive.ipac.caltech.edu/docs/API_PS_columns.html
23,Gliese 752,19.292,2,1,Aquila,Gliese 752 B,star,,stellar component,M8V,139270.0,stellar radius × solar diameter,2600,2327.0,stellar effective temperature,,approximate binary/orbital period where available,Mostly hydrogen/helium plasma; trace metals,434,visualization origin/barycentric approximation,,,system-level visualization frame,Approximate projected separation; also known as Wolf 1055/VB 10.,https://exoplanetarchive.ipac.caltech.edu/overview/GJ%20752; https://exoplanetarchive.ipac.caltech.edu/docs/API_PS_columns.html
23,Gliese 752,19.292,2,1,Aquila,Gliese 752 A b,planet,Gliese 752 A,confirmed,N/A,40188.0,rough visual radius estimate from mass/class; not measured,175.0,-98.0,estimated equilibrium temperature; assumes Bond albedo 0.3; not measured surface temperature,106,orbital period around host star,Hydrogen/helium plus water/ammonia/methane ices; rocky core likely,0.343,planet semi-major axis from host star; use with host_object for multi-star systems,12.2,3.154,host-centric orbit; in unary systems this equals system-center orbit,,https://exoplanetarchive.ipac.caltech.edu/overview/GJ%20752; https://exoplanetarchive.ipac.caltech.edu/docs/API_PS_columns.html
24,82 G. Eridani / HD 20794,19.704,1,3,Eridanus,82 G. Eridani,star,,stellar component,G8V,1281284.0,stellar radius × solar diameter,5401,5128.0,stellar effective temperature,0,binary orbit where known; 0 means chosen system origin/static star for visualization,Mostly hydrogen/helium plasma; trace metals,0,visualization origin/barycentric approximation,,,system-level visualization frame,,https://exoplanetarchive.ipac.caltech.edu/overview/HD%2020794; https://exoplanetarchive.ipac.caltech.edu/docs/API_PS_columns.html
24,82 G. Eridani / HD 20794,19.704,1,3,Eridanus,82 G. Eridani b,planet,82 G. Eridani,confirmed,N/A,15667.0,rough visual radius estimate from mass/class; not measured,644.0,371.0,estimated equilibrium temperature; assumes Bond albedo 0.3; not measured surface temperature,18.3,orbital period around host star,Silicate rock plus iron/nickel core; atmosphere unknown,0.126,planet semi-major axis from host star; use with host_object for multi-star systems,2.15,1.2296,host-centric orbit; in unary systems this equals system-center orbit,,https://exoplanetarchive.ipac.caltech.edu/overview/HD%2020794; https://exoplanetarchive.ipac.caltech.edu/docs/API_PS_columns.html
24,82 G. Eridani / HD 20794,19.704,1,3,Eridanus,82 G. Eridani c,planet,82 G. Eridani,confirmed,N/A,17111.0,rough visual radius estimate from mass/class; not measured,379.0,106.0,estimated equilibrium temperature; assumes Bond albedo 0.3; not measured surface temperature,89.7,orbital period around host star,Silicate rock plus iron/nickel core; atmosphere unknown,0.363,planet semi-major axis from host star; use with host_object for multi-star systems,2.98,1.3429,host-centric orbit; in unary systems this equals system-center orbit,,https://exoplanetarchive.ipac.caltech.edu/overview/HD%2020794; https://exoplanetarchive.ipac.caltech.edu/docs/API_PS_columns.html
24,82 G. Eridani / HD 20794,19.704,1,3,Eridanus,82 G. Eridani d,planet,82 G. Eridani,confirmed,N/A,31835.0,rough visual radius estimate from mass/class; not measured,196.0,-77.0,estimated equilibrium temperature; assumes Bond albedo 0.3; not measured surface temperature,648,orbital period around host star,Hydrogen/helium plus water/ammonia/methane ices; rocky core likely,1.354,planet semi-major axis from host star; use with host_object for multi-star systems,5.82,2.4984,host-centric orbit; in unary systems this equals system-center orbit,,https://exoplanetarchive.ipac.caltech.edu/overview/HD%2020794; https://exoplanetarchive.ipac.caltech.edu/docs/API_PS_columns.html
25,HN Librae,20.395,1,1,Libra,HN Librae,star,,stellar component,M4.0V,417810.0,stellar radius × solar diameter,3200,2927.0,stellar effective temperature,0,binary orbit where known; 0 means chosen system origin/static star for visualization,Mostly hydrogen/helium plasma; trace metals,0,visualization origin/barycentric approximation,,,system-level visualization frame,,https://exoplanetarchive.ipac.caltech.edu/overview/HN%20Lib; https://exoplanetarchive.ipac.caltech.edu/docs/API_PS_columns.html
25,HN Librae,20.395,1,1,Libra,HN Librae b,planet,HN Librae,confirmed,N/A,28032.0,catalog/reported radius or estimate,205.0,-68.0,estimated equilibrium temperature; assumes Bond albedo 0.3; not measured surface temperature,36.1,orbital period around host star,Hydrogen/helium plus water/ammonia/methane ices; rocky core likely,0.1417,planet semi-major axis from host star; use with host_object for multi-star systems,5.46,2.2,host-centric orbit; in unary systems this equals system-center orbit,,https://science.nasa.gov/exoplanet-catalog/hn-librae-b/; https://exoplanetarchive.ipac.caltech.edu/docs/API_PS_columns.html
26,EQ Pegasi,20.4,2,1,Pegasus,EQ Pegasi A,star,,stellar component,M4Ve,487445.0,stellar radius × solar diameter,3400,3127.0,stellar effective temperature,,approximate binary/orbital period where available,Mostly hydrogen/helium plasma; trace metals,0,visualization origin/barycentric approximation,,,system-level visualization frame,,https://exoplanetarchive.ipac.caltech.edu/overview/EQ%20Peg; https://exoplanetarchive.ipac.caltech.edu/docs/API_PS_columns.html
26,EQ Pegasi,20.4,2,1,Pegasus,EQ Pegasi B,star,,stellar component,M6Ve,278540.0,stellar radius × solar diameter,3000,2727.0,stellar effective temperature,,approximate binary/orbital period where available,Mostly hydrogen/helium plasma; trace metals,36,visualization origin/barycentric approximation,,,system-level visualization frame,Approximate projected separation from angular separation and distance.,https://exoplanetarchive.ipac.caltech.edu/overview/EQ%20Peg; https://exoplanetarchive.ipac.caltech.edu/docs/API_PS_columns.html
26,EQ Pegasi,20.4,2,1,Pegasus,EQ Pegasi A b,planet,EQ Pegasi A,confirmed,N/A,142710.0,catalog/reported radius or estimate,111.0,-163.0,estimated equilibrium temperature; assumes Bond albedo 0.3; not measured surface temperature,284,orbital period around host star,Hydrogen/helium envelope; heavy-element core likely,0.643,planet semi-major axis from host star; use with host_object for multi-star systems,718,11.2,host-centric orbit; in unary systems this equals system-center orbit,,https://exoplanetarchive.ipac.caltech.edu/overview/EQ%20Peg; https://exoplanetarchive.ipac.caltech.edu/docs/API_PS_columns.html
27,Gliese 581,20.549,1,3,Libra,Gliese 581,star,,stellar component,M3V,416417.0,stellar radius × solar diameter,3498,3225.0,stellar effective temperature,0,binary orbit where known; 0 means chosen system origin/static star for visualization,Mostly hydrogen/helium plasma; trace metals,0,visualization origin/barycentric approximation,,,system-level visualization frame,,https://exoplanetarchive.ipac.caltech.edu/overview/GJ%20581; https://exoplanetarchive.ipac.caltech.edu/docs/API_PS_columns.html
27,Gliese 581,20.549,1,3,Libra,Gliese 581 e,planet,Gliese 581,confirmed,N/A,16319.0,rough visual radius estimate from mass/class; not measured,504.0,231.0,estimated equilibrium temperature; assumes Bond albedo 0.3; not measured surface temperature,3.15,orbital period around host star,Silicate rock plus iron/nickel core; atmosphere unknown,0.028,planet semi-major axis from host star; use with host_object for multi-star systems,2.5,1.2807,host-centric orbit; in unary systems this equals system-center orbit,Refuted candidates d/f/g not included.,https://exoplanetarchive.ipac.caltech.edu/overview/GJ%20581; https://exoplanetarchive.ipac.caltech.edu/docs/API_PS_columns.html
27,Gliese 581,20.549,1,3,Libra,Gliese 581 b,planet,Gliese 581,confirmed,N/A,47591.0,rough visual radius estimate from mass/class; not measured,422.0,149.0,estimated equilibrium temperature; assumes Bond albedo 0.3; not measured surface temperature,5.37,orbital period around host star,Hydrogen/helium plus water/ammonia/methane ices; rocky core likely,0.0399,planet semi-major axis from host star; use with host_object for multi-star systems,20.5,3.735,host-centric orbit; in unary systems this equals system-center orbit,Refuted candidates d/f/g not included.,https://exoplanetarchive.ipac.caltech.edu/overview/GJ%20581; https://exoplanetarchive.ipac.caltech.edu/docs/API_PS_columns.html
27,Gliese 581,20.549,1,3,Libra,Gliese 581 c,planet,Gliese 581,confirmed,N/A,33333.0,rough visual radius estimate from mass/class; not measured,315.0,42.0,estimated equilibrium temperature; assumes Bond albedo 0.3; not measured surface temperature,12.9,orbital period around host star,Hydrogen/helium plus water/ammonia/methane ices; rocky core likely,0.0718,planet semi-major axis from host star; use with host_object for multi-star systems,6.8,2.616,host-centric orbit; in unary systems this equals system-center orbit,Refuted candidates d/f/g not included.,https://exoplanetarchive.ipac.caltech.edu/overview/GJ%20581; https://exoplanetarchive.ipac.caltech.edu/docs/API_PS_columns.html
28,Gliese 338,20.658,2,1,Ursa Major,Gliese 338 A,star,,stellar component,M0V,807766.0,stellar radius × solar diameter,3907,3634.0,stellar effective temperature,356119,approximate binary/orbital period where available,Mostly hydrogen/helium plasma; trace metals,53,visualization origin/barycentric approximation,,,system-level visualization frame,Binary barycentric distance approximate; total separation about 106 AU.,https://exoplanetarchive.ipac.caltech.edu/overview/GJ%20338; https://exoplanetarchive.ipac.caltech.edu/docs/API_PS_columns.html
28,Gliese 338,20.658,2,1,Ursa Major,Gliese 338 B,star,,stellar component,M0V,779912.0,stellar radius × solar diameter,3900,3627.0,stellar effective temperature,356119,approximate binary/orbital period where available,Mostly hydrogen/helium plasma; trace metals,53,visualization origin/barycentric approximation,,,system-level visualization frame,Planet is assigned to B; binary barycentric distance approximate.,https://exoplanetarchive.ipac.caltech.edu/overview/GJ%20338; https://exoplanetarchive.ipac.caltech.edu/docs/API_PS_columns.html
28,Gliese 338,20.658,2,1,Ursa Major,Gliese 338 B b,planet,Gliese 338 B,confirmed,N/A,38494.0,rough visual radius estimate from mass/class; not measured,343.0,70.0,estimated equilibrium temperature; assumes Bond albedo 0.3; not measured surface temperature,24.5,orbital period around host star,Hydrogen/helium plus water/ammonia/methane ices; rocky core likely,0.141,planet semi-major axis from host star; use with host_object for multi-star systems,10.3,3.021,host-centric orbit; in unary systems this equals system-center orbit,,https://exoplanetarchive.ipac.caltech.edu/overview/GJ%20338; https://exoplanetarchive.ipac.caltech.edu/docs/API_PS_columns.html
29,Gliese 625,21.131,1,1,Draco,Gliese 625,star,,stellar component,M1.5V,355138.0,stellar radius × solar diameter,3499,3226.0,stellar effective temperature,0,binary orbit where known; 0 means chosen system origin/static star for visualization,Mostly hydrogen/helium plasma; trace metals,0,visualization origin/barycentric approximation,,,system-level visualization frame,,https://exoplanetarchive.ipac.caltech.edu/overview/GJ%20625; https://exoplanetarchive.ipac.caltech.edu/docs/API_PS_columns.html
29,Gliese 625,21.131,1,1,Draco,Gliese 625 b,planet,Gliese 625,confirmed,N/A,16826.0,rough visual radius estimate from mass/class; not measured,278.0,5.0,estimated equilibrium temperature; assumes Bond albedo 0.3; not measured surface temperature,14.6,orbital period around host star,Silicate rock plus iron/nickel core; atmosphere unknown,0.0784,planet semi-major axis from host star; use with host_object for multi-star systems,2.8,1.3205,host-centric orbit; in unary systems this equals system-center orbit,,https://exoplanetarchive.ipac.caltech.edu/overview/GJ%20625; https://exoplanetarchive.ipac.caltech.edu/docs/API_PS_columns.html
30,HD 219134,21.336,1,6,Cassiopeia,HD 219134,star,,stellar component,K3V,1083521.0,stellar radius × solar diameter,4699,4426.0,stellar effective temperature,0,binary orbit where known; 0 means chosen system origin/static star for visualization,Mostly hydrogen/helium plasma; trace metals,0,visualization origin/barycentric approximation,,,system-level visualization frame,,https://exoplanetarchive.ipac.caltech.edu/overview/HD%20219134; https://exoplanetarchive.ipac.caltech.edu/docs/API_PS_columns.html
30,HD 219134,21.336,1,6,Cassiopeia,HD 219134 b,planet,HD 219134,confirmed,N/A,20387.0,measured/transiting radius,928.0,655.0,estimated equilibrium temperature; assumes Bond albedo 0.3; not measured surface temperature,3.09,orbital period around host star,Silicate rock plus iron/nickel core; atmosphere unknown,0.0388,planet semi-major axis from host star; use with host_object for multi-star systems,4.7,1.6,host-centric orbit; in unary systems this equals system-center orbit,,https://exoplanetarchive.ipac.caltech.edu/overview/HD%20219134; https://exoplanetarchive.ipac.caltech.edu/docs/API_PS_columns.html
30,HD 219134,21.336,1,6,Cassiopeia,HD 219134 c,planet,HD 219134,confirmed,N/A,19240.0,measured/transiting radius,717.0,444.0,estimated equilibrium temperature; assumes Bond albedo 0.3; not measured surface temperature,6.77,orbital period around host star,Silicate rock plus iron/nickel core; atmosphere unknown,0.065,planet semi-major axis from host star; use with host_object for multi-star systems,4.4,1.51,host-centric orbit; in unary systems this equals system-center orbit,,https://exoplanetarchive.ipac.caltech.edu/overview/HD%20219134; https://exoplanetarchive.ipac.caltech.edu/docs/API_PS_columns.html
30,HD 219134,21.336,1,6,Cassiopeia,HD 219134 f,planet,HD 219134,confirmed/controversial in some lists,N/A,35818.0,rough visual radius estimate from mass/class; not measured,478.0,205.0,estimated equilibrium temperature; assumes Bond albedo 0.3; not measured surface temperature,22.7,orbital period around host star,Hydrogen/helium plus water/ammonia/methane ices; rocky core likely,0.146,planet semi-major axis from host star; use with host_object for multi-star systems,7.3,2.811,host-centric orbit; in unary systems this equals system-center orbit,Some lists flag parameters as controversial; keep status reviewable.,https://exoplanetarchive.ipac.caltech.edu/overview/HD%20219134; https://exoplanetarchive.ipac.caltech.edu/docs/API_PS_columns.html
30,HD 219134,21.336,1,6,Cassiopeia,HD 219134 d,planet,HD 219134,confirmed,N/A,43578.0,rough visual radius estimate from mass/class; not measured,376.0,102.0,estimated equilibrium temperature; assumes Bond albedo 0.3; not measured surface temperature,46.9,orbital period around host star,Hydrogen/helium plus water/ammonia/methane ices; rocky core likely,0.237,planet semi-major axis from host star; use with host_object for multi-star systems,16.0,3.42,host-centric orbit; in unary systems this equals system-center orbit,,https://exoplanetarchive.ipac.caltech.edu/overview/HD%20219134; https://exoplanetarchive.ipac.caltech.edu/docs/API_PS_columns.html
30,HD 219134,21.336,1,6,Cassiopeia,HD 219134 g,planet,HD 219134,confirmed (NASA overview); disputed in some lists,N/A,38948.0,rough visual radius estimate from mass/class; not measured,299.0,26.0,estimated equilibrium temperature; assumes Bond albedo 0.3; not measured surface temperature,94.2,orbital period around host star,Hydrogen/helium plus water/ammonia/methane ices; rocky core likely,0.373,planet semi-major axis from host star; use with host_object for multi-star systems,10.81,3.0567,host-centric orbit; in unary systems this equals system-center orbit,Included because NASA overview currently counts six confirmed planets; some lists treat g as candidate/controversial.,https://exoplanetarchive.ipac.caltech.edu/overview/HD%20219134; https://exoplanetarchive.ipac.caltech.edu/docs/API_PS_columns.html
30,HD 219134,21.336,1,6,Cassiopeia,HD 219134 h,planet,HD 219134,confirmed,N/A,162715.0,NASA Science estimate: 1.14 Jupiter radii converted to Earth radii,104.0,-169.0,estimated equilibrium temperature; assumes Bond albedo 0.3; not measured surface temperature,2247,orbital period around host star,Hydrogen/helium envelope; heavy-element core likely,3.11,planet semi-major axis from host star; use with host_object for multi-star systems,108.06,12.77,host-centric orbit; in unary systems this equals system-center orbit,,https://science.nasa.gov/exoplanet-catalog/hd-219134-h/; https://exoplanetarchive.ipac.caltech.edu/docs/API_PS_columns.html
